id,name,address,lat,lng,location,rating,total_reviews,price_level,phone,website,is_partner,discount_value,weekday_text,top_review
646bc6b4-0d16-41cd-8f12-417eadad014b,Elskoffie,"Jl. Prof. Dr. Suharso No.2, Arcawinangun, Kec. Purwokerto Tim., Kabupaten Banyumas, Jawa Tengah 53115, Indonesia",-7.4174013,109.2519516,,4.8,834,0,,,False,0,"Monday: Open 24 hours
Tuesday: Open 24 hours
Wednesday: Open 24 hours
Thursday: Open 24 hours
Friday: Open 24 hours
Saturday: Open 24 hours
Sunday: Open 24 hours","Their staff, atmosphere, and food are very satisfying. There are two floors, the outdoor and smoking area is on the second floor and the non-smoking area is on the first floor. the taste of the food is delicious and yesterday I ordered a Caesar salad, it was very satisfying at an affordable price, but what I liked most was the matcha and chocolate drink, it was perfect and kid friendly because there was no added sugar."
e20f6bbf-8f5e-4e6c-92e9-d9595203dc7f,Lav Cafe Purwokerto,"Ruko, Permata Hijau Raya Jl. Dr. Angka, Glempang, Bancarkembar, Kec. Purwokerto Tim., Kabupaten Banyumas, Jawa Tengah 53115, Indonesia",-7.415282500000001,109.2401366,,4.8,1240,2,0813-1896-8383,,False,0,"Monday: 11:00 AM – 10:00 PM
Tuesday: 11:00 AM – 10:00 PM
Wednesday: 11:00 AM – 10:00 PM
Thursday: 11:00 AM – 10:00 PM
Friday: 11:00 AM – 11:00 PM
Saturday: 11:00 AM – 11:00 PM
Sunday: 11:00 AM – 10:00 PM","Came here yesterday and came back again today for its ambience and ice cream caught my heart ❤️ forgot to take pictures of the food 😆 so mind you, they were halfway eaten already. Smoking room available downstairs as well as upstairs. Some Instagramable spots shouldn't be missed when visitors came for food. Even the toilet is lovely 😍🤣 If one day I come back to this city, I will visit this place again for sure"
ff6500ea-9d91-4f60-9a93-be143d798532,"Arasta Alpha, Overste Isdiman","Ruko Widodo, Jl. Overste Isdiman, Jatiwinangun, Purwokerto Lor, Kec. Purwokerto Tim., Kabupaten Banyumas, Jawa Tengah 53114, Indonesia",-7.419934899999999,109.2444712,,4.8,3475,0,0815-6705-602,,False,0,"Monday: Open 24 hours
Tuesday: Open 24 hours
Wednesday: Open 24 hours
Thursday: Open 24 hours
Friday: Open 24 hours
Saturday: Open 24 hours
Sunday: Open 24 hours","One of the best spots in Purwokerto for coffee, pastries, and light meals. We came as a big family group and ordered a wide variety of items from their menu.

The staff were quick, responsive, and easy to communicate with. All orders were taken promptly and everything arrived on time without any hassle.

I had a cold brew and their Arastreat chicken meal. The chicken was delicious, and the crispy kailan added a nice texture that complemented the dish well.

The cold brew was served thoughtfully, with water and cookies on the side. Their coffee roast was excellent, and I even grabbed an americano to go afterwards.

This café is also a great option for visitors who want to work from a café, as each table comes with power outlets and a stable Wi-Fi connection."
e5578308-1b12-49f5-8942-21644aab6443,AT NINE Coffee and Space,"Jl. Gelora Indah I, Mangunjaya, Purwokerto Lor, Kec. Purwokerto Tim., Kabupaten Banyumas, Jawa Tengah 53113, Indonesia",-7.419091399999999,109.2512297,,4.7,285,0,0822-2512-8247,,False,0,"Monday: 8:00 AM – 12:00 AM
Tuesday: 8:00 AM – 12:00 AM
Wednesday: 8:00 AM – 12:00 AM
Thursday: 8:00 AM – 12:00 AM
Friday: 8:00 AM – 12:00 AM
Saturday: 8:00 AM – 12:00 AM
Sunday: 10:00 AM – 12:00 AM","I recently visited AT:NINE, hoping for a pleasant dining experience, but unfortunately, it left much to be desired.

From the start, the service was disappointing. The order taker seemed rude and impatient, constantly asking, ""Anything else?"" in a rushed tone. It felt like they wanted us to place our order as quickly as possible, leaving no room for us to make decisions at a comfortable pace. To make things worse, there were no waiters to deliver the drinks to the table, which felt like a letdown for the price we were paying.

Given the service and overall experience, the food did not feel worth the price. While the menu might look appealing, the actual value of the meal fell short of expectations.

The place itself is nice, with modern décor and a good layout. However, the air conditioning was poorly managed. Even though it was supposedly set to 16°C, it felt closer to 30°C inside, making the environment uncomfortable."
02f0d445-7324-4db4-849f-30a827ce5d66,KURO COFFEE EATERY,"Jl. Gelora Indah I No.18, Mangunjaya, Purwokerto Lor, Kec. Purwokerto Tim., Kabupaten Banyumas, Jawa Tengah 53113, Indonesia",-7.419379299999999,109.2514198,,4.8,316,2,0896-7332-3596,,False,0,,"Soto betawi very tasty. Meat inside nice quality. And even if its blackout, they run a emergency generator so there still light and energy to charge phone and laptop👍"
3c7dc009-040d-459e-8f87-8d37cc88a799,Mimosa Coffee Kitchen & Dessert,"Jalan Dokter Angka Ruko, Permata Hijau Raya No.4, Glempang, Bancarkembar, Kec. Purwokerto Utara, Kabupaten Banyumas, Jawa Tengah 53115, Indonesia",-7.415902999999998,109.2401027,,4.7,783,2,0822-2041-0354,http://linktr.ee/mimosapatisserie,False,0,"Monday: 8:00 AM – 10:00 PM
Tuesday: 8:00 AM – 10:00 PM
Wednesday: 8:00 AM – 10:00 PM
Thursday: 8:00 AM – 10:00 PM
Friday: 8:00 AM – 11:00 PM
Saturday: 8:00 AM – 11:00 PM
Sunday: 8:00 AM – 10:00 PM","I visited this place after a recommendation, and I have to say the setting is very pleasant—relaxing, comfortable, and with a nice atmosphere.

I ordered an iced cappuccino, which was enjoyable and had a good coffee flavor. Unfortunately, the grilled chicken sandwich was a big letdown. The menu described it as a panini, but what I received was more like a grilled flatbread. After the first bite, it became even more disappointing—completely bland, with no salt, no pepper, no sauce, and nothing to bring out the taste of the chicken or tomatoes. If this is meant to be a panini, it really missed the mark.

Thankfully, the desserts were much better. The doughnuts had generous sweet and savory fillings, the almond croissant was rich in flavor with plenty of almond filling, and the crombolini was also packed with flavor and cream. These items clearly showed more attention to taste and quality.

Overall, this café has a lot of potential. The coffee and pastries are worth coming back for, but the savory food really needs improvement. With a bit more care in preparation and seasoning, this place could be so much better."
b03631c7-b50a-40b3-be13-bff47eccc2f2,Alas House,"Jl. Gelora Indah I No.36, Mangunjaya, Purwokerto Lor, Kec. Purwokerto Tim., Kabupaten Banyumas, Jawa Tengah 53114, Indonesia",-7.420695699999999,109.2512767,,4.6,793,0,0822-4246-3875,http://www.housealas.com/,False,0,"Monday: 9:00 AM – 1:00 AM
Tuesday: 9:00 AM – 1:00 AM
Wednesday: 9:00 AM – 1:00 AM
Thursday: 9:00 AM – 1:00 AM
Friday: 9:00 AM – 1:00 AM
Saturday: 9:00 AM – 1:00 AM
Sunday: 9:00 AM – 1:00 AM","The place and the ambiance is very nice, love to enjoy and spend my time here. But I don’t know what’s going on with the cashier, specially the girl. She is very rude?! Not only her attitude but also the face she gave to the customer. I’ve been here often, but she never change her attitude. For a good place like this, she really ruined the vibe."
c26446c0-f57e-4476-9037-31685969ac92,Cold 'N Brew - Purwokerto,"Jl. Jend. Sudirman No.296, Kranjimuntang, Purwanegara, Kec. Purwokerto Tim., Kabupaten Banyumas, Jawa Tengah 53116, Indonesia",-7.427394699999999,109.2373851,,4.7,260,0,0851-4269-2500,,False,0,"Monday: Open 24 hours
Tuesday: Open 24 hours
Wednesday: Open 24 hours
Thursday: Open 24 hours
Friday: Open 24 hours
Saturday: Open 24 hours
Sunday: Open 24 hours","good services, good place comfortable for i do my thesis😅 and their food and beverage sooo goodd"
186f473c-d2f7-4ad4-a33c-2ad5ffac4a92,Quattro Café,"Jl. Pungkuran No.10, Purwokerto, Sokanegara, Kec. Purwokerto Tim., Kabupaten Banyumas, Jawa Tengah 53115, Indonesia",-7.422108099999999,109.2307161,,4.5,1904,2,(0281) 6512776,https://bit.ly/quattrocafe,False,0,"Monday: 10:00 AM – 10:00 PM
Tuesday: 10:00 AM – 10:00 PM
Wednesday: 10:00 AM – 10:00 PM
Thursday: 10:00 AM – 10:00 PM
Friday: 10:00 AM – 10:00 PM
Saturday: 10:00 AM – 10:00 PM
Sunday: 10:00 AM – 10:00 PM","Well decorated cafe. Lots of menu variant. And surprisingly, all of them was great. This cafe also has indoor smoking area, which quite unusual but become its plus point.
I ordered:
1x Dimsum (Siomay): Very soft and delicious!
1x Salted Egg Tofu: Surprisingly delicious!
1x Pan Seared Salmon: Big cut of salmon meat & delicious cream sauce. If only the mashed potatoes a bit softer, it would be perfect!
1x Premium Tea (Camomile): Dilmah tea, love it
1x Quattro’s Bowl: A bowl of mixed fruit topped with matcha ice cream & almond. The soup itself was too plain, I thought it would be pure creamy yoghurt/pure plain milk, but it’s not."
7e59a92e-a22a-484f-821a-a33051f47f6a,"Kopi Arasta, Hotel Wisata Niaga","Jl. Merdeka No.5, Brubahan, Purwanegara, Kec. Purwokerto Tim., Kabupaten Banyumas, Jawa Tengah 53116, Indonesia",-7.4253125,109.2367758,,4.9,1966,0,0815-6705-602,http://instagram.com/kopiarasta,False,0,"Monday: Open 24 hours
Tuesday: Open 24 hours
Wednesday: Open 24 hours
Thursday: Open 24 hours
Friday: Open 24 hours
Saturday: Open 24 hours
Sunday: Open 24 hours","A small coffee shop and pastry shop are within the hotel. The area is limited and not that spacious, but comfortable if you bring 2 or 3 friends along to enjoy the coffee and talks. The price is standard like others, but the taste is unexpectedly good. Highly recommended."
a3704053-1943-4f9f-a633-d3b4c42f6ecc,Nicetime Cafe Purwokerto,"Ruko Perhutani No, Pereng, Sokanegara, Kec. Purwokerto Tim., Kabupaten Banyumas, Jawa Tengah 53115, Indonesia",-7.4249971,109.228176,,4.4,588,2,(0281) 6510422,,False,0,"Monday: Open 24 hours
Tuesday: Open 24 hours
Wednesday: Open 24 hours
Thursday: Open 24 hours
Friday: Open 24 hours
Saturday: Open 24 hours
Sunday: Open 24 hours",NICE fVcXin6 TIME...
c426dd02-e9d3-4a3e-99a1-b0a0752ada86,Diruma Coffee Living,"Jl. Sultan Agung No.255, Karang Malang, Teluk, Kec. Purwokerto Sel., Kabupaten Banyumas, Jawa Tengah 53145, Indonesia",-7.446675900000001,109.2558608,,4.9,948,0,0815-4261-9999,,False,0,"Monday: 7:00 AM – 10:00 PM
Tuesday: 7:00 AM – 10:00 PM
Wednesday: 7:00 AM – 10:00 PM
Thursday: 7:00 AM – 10:00 PM
Friday: 7:00 AM – 10:00 PM
Saturday: 7:00 AM – 10:00 PM
Sunday: 7:00 AM – 10:00 PM","When we first arrived at Diruma coffee and living we were quite stunned. It was designed nicely and looking comfortable inside, just felt at home.

We ordered:
Capuccino
V60
Jasmine tea
Chocolate diruma
Toast diruma
Churros choco/matcha
Donat classic

The coffee was nice the food also great. Toast diruma was my favorite 👍

But we noticed some unresolved & unfinished parts in the interior that could be refined to make it a better place."
87f0d52c-792a-4fe3-b213-eca7d9544a5c,At Cafe Campus,"Jalan HR Bunyamin No.637C, Pakembaran, Bancarkembar, Kec. Purwokerto Utara, Kabupaten Banyumas, Jawa Tengah 53121, Indonesia",-7.405650599999999,109.2452775,,4.6,1344,2,0878-3719-7189,,False,0,"Monday: Open 24 hours
Tuesday: Open 24 hours
Wednesday: Open 24 hours
Thursday: Open 24 hours
Friday: Open 24 hours
Saturday: Open 24 hours
Sunday: Open 24 hours","Waitress services and food tastes aside, since everyone has talked about it on the other comments ((Not that bad actually, in my experiences)). The cafe is quite good. In addition to its very affordable prices, especially with the student discount, the cafe has a cool atmosphere that makes you feel at ease. I took a seat outside, where the view of Gunung Slamet was a feast for the eyes. And one thing that amazed me was the toilet! This is something that seems like it would be the last consideration when choosing a cafe, but it's very clear that this cafe has its own value. The restrooms are clean and fully stocked with amenities (the women's restroom even provides sanitary pads with black plastic bags). I really appreciate your consideration for us 😍"
708a4847-c16a-4fba-ae32-5adbfcd149c8,Society Coffee House,"Jl. Prof. Dr. Suharso No.9B, Arcawinangun, Kec. Purwokerto Tim., Kabupaten Banyumas, Jawa Tengah 53113, Indonesia",-7.417701300000001,109.2521809,,4.5,2448,2,0811-2821-168,https://societycoffeehouse.id/,False,0,"Monday: 9:00 AM – 11:00 PM
Tuesday: 9:00 AM – 11:00 PM
Wednesday: 9:00 AM – 11:00 PM
Thursday: 9:00 AM – 11:00 PM
Friday: 9:00 AM – 11:00 PM
Saturday: 9:00 AM – 11:00 PM
Sunday: 9:00 AM – 11:00 PM","Surprisingly their coffee and matcha was soooo good. They're using ceremonial grade matcha, I can tell. Also the coffee was premium. Gelato and cakes also delicious. They provided clean mushola, clean toilets, and huge space for group. We stayed at Purwokerto for 3 days and we came here twice in a row."
5d0a6f51-14d4-400a-aefa-6e4fd80776e6,JOY COFFEE & EATERY (Roastery Coffee),"Jl. Pramuka No.253, Pertabatan, Purwokerto Kidul, Kec. Purwokerto Sel., Kabupaten Banyumas, Jawa Tengah 53147, Indonesia",-7.428973699999999,109.2539271,,4.7,201,0,0813-1897-2228,,False,0,"Monday: 8:00 AM – 11:00 PM
Tuesday: 8:00 AM – 11:00 PM
Wednesday: 8:00 AM – 11:00 PM
Thursday: 8:00 AM – 11:00 PM
Friday: 8:00 AM – 11:00 PM
Saturday: 8:00 AM – 11:00 PM
Sunday: Closed","Vietnamese Drip Coffee, Indonesia, captured on June 16, 2025. Traditional coffee brewed using a metal drip filter, slowly producing bold and aromatic flavor, served with sweetened condensed milk."
694ff9f6-9062-4c34-a65d-f4f1443b835b,et al Coffee Purwokerto,"Jl. DI Panjaitan No.23, Karangreja, Purwokerto Kidul, Kec. Purwokerto Sel., Kabupaten Banyumas, Jawa Tengah 53141, Indonesia",-7.4333486,109.2486108,,4.8,728,0,0899-5275-378,https://selfphotoetalpurwokerto.youcanbook.me/,False,0,"Monday: 10:00 AM – 10:00 PM
Tuesday: 10:00 AM – 10:00 PM
Wednesday: 10:00 AM – 10:00 PM
Thursday: 10:00 AM – 10:00 PM
Friday: 12:00 – 10:00 PM
Saturday: 10:00 AM – 10:00 PM
Sunday: 10:00 AM – 10:00 PM","Photo booth around IDR 30k ( in 2023 ) and there was self-photo studio with 1 lighting paid per hour. There weren't many or a variety of options on the menu. there were too many rice bowls, and the fried noodles only had vegetables instead of chicken or eggs. There weren't many options for dessert and pastry, and none were available when I was there. There were plenty of beverages to choose from, but since the most of them were sweet, they are not ideal for a low-sugar diet!  If you didn't ask for non-sugar, even coffee had sugar in it. Many beverages were from powder drinks so I couldn’t request non-sugar drink other than coffee."
a6821514-4b12-478a-b4d9-14d8d5817ddc,Mampir Pawon Purwokerto,"H7H2+JF4, Mangunjaya, Purwokerto Lor, Purwokerto Timur, Banyumas Regency, Central Java 53114, Indonesia",-7.4209375,109.2511875,,4.8,4742,2,0856-4394-9242,,False,0,"Monday: 8:00 AM – 10:00 PM
Tuesday: 8:00 AM – 10:00 PM
Wednesday: 8:00 AM – 10:00 PM
Thursday: 8:00 AM – 10:00 PM
Friday: 8:00 AM – 10:00 PM
Saturday: 8:00 AM – 10:00 PM
Sunday: 8:00 AM – 10:00 PM","I visited Mampir Pawon for dinner. They offer a wide variety of menu options, but unfortunately many of the dishes served were no longer hot. On the positive side, I really liked their garang asem, which had a nice balance of sour and savory flavors.
The place is family-friendly, with a playground for kids, a musholla, and even a self-service coffee corner, which is a nice extra. The atmosphere is relaxed and suitable for dining with family. Overall, it’s a comfortable place with many facilities, though food freshness could be improved, especially during dinner time"
4ae45a9e-2234-4279-9ad2-a975fa75c316,Teratai Cafe Purwokerto - Sky View Menara Pandang,"Jl. Bung Karno, Kalibener, Purwanegara, Kec. Purwokerto Tim., Kabupaten Banyumas, Jawa Tengah 53114, Indonesia",-7.431432099999999,109.232757,,4.8,947,0,0821-3880-8088,,False,0,"Monday: 2:00 – 10:00 PM
Tuesday: 2:00 – 10:00 PM
Wednesday: 2:00 – 10:00 PM
Thursday: 2:00 – 10:00 PM
Friday: 2:00 – 10:00 PM
Saturday: 9:30 AM – 10:00 PM
Sunday: 9:30 AM – 10:00 PM","Nice place to see the city view in the cafe, the location is in the rooftop. Enjoy the lights with the best Purwokerto night view."
31cf7538-fcfd-4c3a-aa3d-343a18f7ff25,Bento Kopi Purwokerto,"Pabuwaran, Pabuaran, Kec. Purwokerto Utara, Kabupaten Banyumas, Jawa Tengah 53124, Indonesia",-7.395675499999999,109.249619,,4.5,1268,0,0859-3565-1874,,False,0,"Monday: 9:00 AM – 1:00 AM
Tuesday: 9:00 AM – 1:00 AM
Wednesday: 9:00 AM – 1:00 AM
Thursday: 9:00 AM – 1:00 AM
Friday: 9:00 AM – 1:00 AM
Saturday: 9:00 AM – 1:00 AM
Sunday: 9:00 AM – 1:00 AM",Loved the ambiance! Very calming.
a9d98c75-7324-4f0c-8203-d0d8edd21cca,Milestones Coffee House & Casual Dining,"Bancarkembar Permai Blok IX Jl. Gn. Singgalang No.14, Glempang, Bancarkembar, Kec. Purwokerto Utara, Kabupaten Banyumas, Jawa Tengah 53121, Indonesia",-7.411610500000001,109.2432628,,4.8,408,2,0811-250-422,https://linktr.ee/milestonescoffeehouse,False,0,"Monday: 8:00 AM – 10:00 PM
Tuesday: 8:00 AM – 10:00 PM
Wednesday: 8:00 AM – 10:00 PM
Thursday: 8:00 AM – 10:00 PM
Friday: 8:00 AM – 10:00 PM
Saturday: 8:00 AM – 10:00 PM
Sunday: 8:00 AM – 10:00 PM","Lovely place with super friendly staff and great hospitality! The food tastes amazing and looks so pretty (i ordered the waffles, nachos, and hot dog) and the coffee is really good too. Cozy ambience that makes you want to stay longer. Definitely worth a visit! ✨"
02deb42f-8bc3-47e3-ba61-26502bcf9205,The Rooster Kitchen & Coffee,"Jl. Prof. Dr. Suharso No.8, Arcawinangun, Kec. Purwokerto Tim., Kabupaten Banyumas, Jawa Tengah 53113, Indonesia",-7.4171364,109.2530496,,4.7,544,2,0851-7507-9811,,False,0,"Monday: 9:00 AM – 9:00 PM
Tuesday: 9:00 AM – 9:00 PM
Wednesday: 9:00 AM – 9:00 PM
Thursday: 9:00 AM – 9:00 PM
Friday: 9:00 AM – 9:00 PM
Saturday: 9:00 AM – 9:00 PM
Sunday: 9:00 AM – 9:00 PM","The Rooster kitchen was the perfect place to have a big family lunch. The kids played on the play equipment plus looked at the animals and fish.
The food was delicious and service quick."
f50c4512-8324-4a92-a200-2abcf40b8237,Kopi Calf Signature Gor Satria Purwokerto,"Jl. Prof. Dr. Suharso No.53, Mangunjaya, Purwokerto Lor, Kec. Purwokerto Tim., Kabupaten Banyumas, Jawa Tengah 53114, Indonesia",-7.4174716,109.2500633,,4.7,1165,0,,,False,0,"Monday: 8:00 AM – 11:00 PM
Tuesday: 8:00 AM – 11:00 PM
Wednesday: 8:00 AM – 11:00 PM
Thursday: 8:00 AM – 11:00 PM
Friday: 8:00 AM – 11:00 PM
Saturday: 8:00 AM – 12:00 AM
Sunday: 8:00 AM – 12:00 AM","Nice ambience. I love their dimsum, caramel pudding and dirty latte. For those who is planning to come here for the first time, i reccommend you to wear a (little) thick jacket just in case😉"
288366a4-7609-475a-b4c7-6143b28e1488,Ebony Cafe,"Jl. Raya Baturaden No.Km 8, Dusun III, Karangtengah, Kec. Baturaden, Kabupaten Banyumas, Jawa Tengah 53141, Indonesia",-7.336570099999999,109.2308175,,4.9,1763,0,0811-260-811,,False,0,"Monday: Closed
Tuesday: 12:00 – 10:00 PM
Wednesday: 12:00 – 10:00 PM
Thursday: 12:00 – 10:00 PM
Friday: 12:00 – 10:00 PM
Saturday: 11:00 AM – 10:00 PM
Sunday: 11:00 AM – 10:00 PM","Totally recommended.
Good ambience pairs with good taste food. Tried their ""nasi goreng"", pizza, and coffee. They serve proper coffee, taste nice.
Service is also very good.
Worth every penny spent, not really expensive also.
Btw they also serve cocktails and wines."
2689d193-afc6-477c-ab03-09594603cfea,Etnik Coffee,"Jl. Ringin Tirto No.48, Glempang, Bancarkembar, Kec. Purwokerto Utara, Kabupaten Banyumas, Jawa Tengah 53121, Indonesia",-7.409827099999999,109.2419335,,4.6,353,0,0812-2976-2338,https://instagram.com/etnik.coffee,False,0,"Monday: 12:00 PM – 2:00 AM
Tuesday: 12:00 PM – 2:00 AM
Wednesday: 12:00 PM – 2:00 AM
Thursday: 12:00 PM – 2:00 AM
Friday: 12:00 PM – 2:00 AM
Saturday: 12:00 PM – 2:00 AM
Sunday: 12:00 PM – 2:00 AM","This is a very minimalistic and stylish café, in a convenient location. The seating is outdoor only, but most of the seats are under roofs, and in the shade so it is comfortable here. Apart from various coffee, tea, and other drinks, they also serve desserts and small dishes like french fries, or sandwiches. We enjoyed the ambience and the very friendly staff. One of the best coffees we had in Purwokerto, and we will come back."
a9ae8ac2-dd20-46c8-a768-944acceba4ad,Praketa,"Jl. H.R Boenyamin No.129 Desa Bancarkembar Kec. Purwokerto Utara, Dukuhbandong, Grendeng, Banyumas, Kabupaten Banyumas, Jawa Tengah 52212, Indonesia",-7.403594600000001,109.2448269,,4.6,1372,1,0896-1368-7198,http://praketa.id/,False,0,"Monday: 8:00 AM – 11:00 PM
Tuesday: 8:00 AM – 11:00 PM
Wednesday: 8:00 AM – 11:00 PM
Thursday: 8:00 AM – 11:00 PM
Friday: 8:00 AM – 11:00 PM
Saturday: 8:00 AM – 11:00 PM
Sunday: 8:00 AM – 11:00 PM","I think this cafe kinda gives me an 'indie' vibe. Gen-Z would call Praketa a 'skena banget' type since its unique atmosphere. Also, this cafe is good for working, chilling, even just hanging out with your friends."
0989c2c1-6e3b-4b05-827d-2226c76d59e6,Level Up Resto & Bar,"Jl. Stadion I, Karangbawang, Purwokerto Kulon, Kec. Purwokerto Sel., Kabupaten Banyumas, Jawa Tengah 53141, Indonesia",-7.4324401,109.2428779,,4.4,397,2,,,False,0,"Monday: 2:00 PM – 2:00 AM
Tuesday: 2:00 PM – 2:00 AM
Wednesday: 2:00 PM – 2:00 AM
Thursday: 2:00 PM – 2:00 AM
Friday: 2:00 PM – 2:00 AM
Saturday: 2:00 PM – 2:00 AM
Sunday: 2:00 PM – 2:00 AM","Any place where you can get a beer is appreciated. I was surprised to find this oasis in the middle (outskirts really) of a small city such as this. Atmosphere laid back when I went on a Friday at 11pm. No live music or DJ at the time. Didn't have food, self service."
07bdbdf6-6e64-4d93-8ebc-599912573cbc,Temu Resto,"Jl. Suparjo Rustam No.228, Dusun III, Sokaraja Kulon, Kec. Sokaraja, Kabupaten Banyumas, Jawa Tengah 53181, Indonesia",-7.445925799999999,109.2756518,,4.8,449,0,0811-2829-224,http://www.instagram.com/temu_resto,False,0,"Monday: 7:00 AM – 1:00 AM
Tuesday: 7:00 AM – 1:00 AM
Wednesday: 7:00 AM – 1:00 AM
Thursday: 7:00 AM – 1:00 AM
Friday: 7:00 AM – 1:00 AM
Saturday: 7:00 AM – 1:00 AM
Sunday: 7:00 AM – 1:00 AM","Visited Temu Resto a few weeks ago. The ambience was charming and cozy. Placed on top of the building, you can have the best view from here. Has a little selection of beers but still a nice place to hang out with friends and family."
d204d94c-e51e-463d-9bf6-d8b908caef96,The Soeds Coffee Eats & Spaces,"Jl. Jatiwinangun No.25, Jatiwinangun, Purwokerto Lor, Kec. Purwokerto Tim., Kabupaten Banyumas, Jawa Tengah 53114, Indonesia",-7.420250599999999,109.2429424,,4.6,1078,0,0896-6632-8283,http://www.instagram.com/thesoeds.coffee,False,0,"Monday: 8:00 AM – 11:00 PM
Tuesday: 8:00 AM – 11:00 PM
Wednesday: 8:00 AM – 11:00 PM
Thursday: 8:00 AM – 11:00 PM
Friday: 8:00 AM – 11:00 PM
Saturday: 8:00 AM – 11:00 PM
Sunday: 8:00 AM – 11:00 PM","Kindly check the sandwich especially the Tokyo one. I didn't expect it to be that spicy, all I felt was pepper, not chili. I can suggest that you to warn the customer that the croissant is going to be spicy and make sure that they are okay with that. That's all. Overall, I like place. I see it as a good environment to chill and talk with friends. Keep up the good work!"
e6578a47-758c-451d-bb20-cf9256cc8bda,Milos Coffee,"Kebondalem, Purwokerto Lor, Kec. Purwokerto Tim., Kabupaten Banyumas, Jawa Tengah 53114, Indonesia",-7.4219393,109.2439498,,4.6,536,2,0877-0473-6071,,False,0,"Monday: 8:00 AM – 11:00 PM
Tuesday: 8:00 AM – 11:00 PM
Wednesday: 8:00 AM – 11:00 PM
Thursday: 8:00 AM – 11:00 PM
Friday: 8:00 AM – 12:00 AM
Saturday: 8:00 AM – 12:00 AM
Sunday: 8:00 AM – 12:00 AM","Cozy cafe! They serve mostly Western dishes and some fusion. The chicken sambal matah was really good. I especially liked their super crunchy fries. All this quality with cheap Purwokerto prices! Very much worth it if you’re hanging out with friends or if you just wanna work.

The staff were very friendly and cheerful, much appreciated."
17179cb1-929d-4cf5-b17f-9596242c0b58,NAMA Coffee & Eatery,"Jl. Gerilya Timur No.35, Kruwet, Teluk, Kec. Purwokerto Sel., Kabupaten Banyumas, Jawa Tengah 53145, Indonesia",-7.4386618,109.2487566,,4.7,252,0,0812-2971-4047,,False,0,"Monday: 9:00 AM – 10:00 PM
Tuesday: 9:00 AM – 10:00 PM
Wednesday: 9:00 AM – 10:00 PM
Thursday: 9:00 AM – 10:00 PM
Friday: 9:00 AM – 10:00 PM
Saturday: 9:00 AM – 11:00 PM
Sunday: 9:00 AM – 10:00 PM","Before heading back to Semarang, I had a chance to visit my very first Cafe here in Purwokerto.
Glad I did, coz the cafe's ambience is so cozy.
Could imagine just chillin here and doing some work😄

Staffs were friendly and the menu were all interesting and mouth watering.
Nasi Kuring was the main highlight fer sure, rice that is fragrant, fried chicken cooked perfectly,and the chilli...mmmm mmmmmmm good‼️

That and the Capucinno were both perfect companions to the day.

Would definitely return whenever I visit Purwokerto again👌🏻"
09e7174b-6c6a-4700-b7e4-12af6ba58ce0,My Story Cafe & Bistro Purwokerto,"Jl. S. Parman No.638, Kedungampel, Purwokerto Kulon, Kec. Purwokerto Sel., Kabupaten Banyumas, Jawa Tengah 53141, Indonesia",-7.436268,109.2448081,,4.4,194,0,0877-4500-9287,https://www.instagram.com/mystory_purwokerto?igsh=MWo2MDhiNXNsaThkdA==,False,0,"Monday: 10:00 AM – 11:00 PM
Tuesday: 10:00 AM – 11:00 PM
Wednesday: 10:00 AM – 11:00 PM
Thursday: 10:00 AM – 11:00 PM
Friday: 10:00 AM – 11:00 PM
Saturday: 10:00 AM – 11:00 PM
Sunday: 10:00 AM – 11:00 PM","Hi, I am Zico.
I am going to review a café namely My Story Resto.

My Story Resto is located in Purwokerto.

It’s a modern and cozy café that serves various types of food and beverages.

This café is well known for its tasty food, friendly service, and affordable price.

The interior wall of this café is well and beautifully decorated with plants, warm lights, and wooden furniture.

My favorite spot is the corner seat near the window.

I recently dined there as my friend advised me to try this place.

For the appetizer, I ordered French fries.
It’s crispy and salty in a good way. It was delicious!

For the main course, I ordered grilled chicken with rice.
It’s juicy and flavorful. It was so good!

The ambience is truly relaxing and perfect for hanging out with friends.

Overall, I would really recommend My Story resto to anyone"
03be971f-df72-4296-a5be-06ed474e4951,SKY • 7 Cafe,"Jl. Sokajati No.9, Bantarsoka, Kec. Purwokerto Bar., Kabupaten Banyumas, Jawa Tengah 53133, Indonesia",-7.425093700000001,109.2219419,,4.5,336,2,0813-9336-6999,https://instagram.com/skysevencafe?igshid=1p3v203vndmu1,False,0,"Monday: 11:00 AM – 11:00 PM
Tuesday: 11:00 AM – 11:00 PM
Wednesday: 11:00 AM – 11:00 PM
Thursday: 11:00 AM – 11:00 PM
Friday: 11:00 AM – 11:00 PM
Saturday: 11:00 AM – 12:00 AM
Sunday: 11:00 AM – 12:00 AM","Sky 7 cafe's a very cozy place, instagramable, you want to sit inside okay bangettt, mau to see the scenery around the underpass you can sit outside and stay instagramable too. And you can also sit on the rooftop and still present an epic view.Recomended banget for you guys.
Dari segi menu juga gakalah enakkk.. Ebl ebl ebl, enak bgt lowch😍"
60585cfc-6210-41ce-a318-462319d3b726,Annyeong Korean Cafe Purwokerto,"Jl. Masjid No.43, Purwokerto, Sokanegara, Kec. Purwokerto Tim., Kabupaten Banyumas, Jawa Tengah 53115, Indonesia",-7.4213176,109.229513,,4.9,56,0,,,False,0,"Monday: 8:00 AM – 10:00 PM
Tuesday: 8:00 – 10:00 AM
Wednesday: 8:00 AM – 10:00 PM
Thursday: 8:00 AM – 10:00 PM
Friday: 8:00 AM – 10:00 PM
Saturday: 8:00 AM – 10:00 PM
Sunday: 8:00 AM – 10:00 PM",Nice place
6526b4ab-4371-472a-b15c-554e8126cd4f,Hangout Coffee Eat & Talk,"Jl. Profesor DR. HR Boenyamin, Glempang, Purwokerto Lor, Kec. Purwokerto Utara, Kabupaten Banyumas, Jawa Tengah 53121, Indonesia",-7.412579000000001,109.245064,,4.4,1270,2,(0281) 622014,https://linktr.ee/hangoutcafe.pwt?utm_source=linktree_profile_share&ltsid=8a0d627d-26b7-4d86-90fd-40127d19898a,False,0,"Monday: Closed
Tuesday: 7:00 AM – 10:00 PM
Wednesday: 7:00 AM – 10:00 PM
Thursday: 7:00 AM – 10:00 PM
Friday: 7:00 AM – 10:00 PM
Saturday: 7:00 AM – 10:00 PM
Sunday: 7:00 AM – 10:00 PM","The menu book is about time to be replaced. It looks dirty and crumpled.

Foods are okay. From indonesia to japanese and western foods. Really vast varieties but also made it has no signature dishes. Taste is average. Prices are very affordable. Parking is adequate. Waiter has good behavior."
4d436209-85f5-4cbe-a7ac-d5e56e7d014d,WN Cafe Purwokerto,"Hotel Wisata Niaga, Jl. Merdeka No.5, Brubahan, Kranji, Kec. Purwokerto Tim., Kabupaten Banyumas, Jawa Tengah 53116, Indonesia",-7.425240000000001,109.2367896,,4.5,117,0,0813-9507-5858,,False,0,"Monday: Open 24 hours
Tuesday: Open 24 hours
Wednesday: Open 24 hours
Thursday: Open 24 hours
Friday: Open 24 hours
Saturday: Open 24 hours
Sunday: Open 24 hours","Need to wait for 40 minutes for a single americano. Theres only 1 person as both cashier and barista, he always takes orders without making the existing ones. O think theres like 50 orders queued"
1fb7bdf2-63ba-41ce-ab24-9158c288fa7e,Diskus Coffee & Billiard,"Jl. Gerilya Barat Tj. No.15, Bojong, Tanjung, Kec. Purwokerto Sel., Kabupaten Banyumas, Jawa Tengah 53144, Indonesia",-7.4423799,109.2300761,,4.7,704,2,0821-3785-3838,https://instagram.com/diskuscoffee.co?igshid=YmMyMTA2M2Y=,False,0,"Monday: 10:00 AM – 11:30 PM
Tuesday: 10:00 AM – 11:30 PM
Wednesday: 10:00 AM – 11:30 PM
Thursday: 10:00 AM – 11:30 PM
Friday: 10:00 AM – 11:30 PM
Saturday: 10:00 AM – 11:30 PM
Sunday: 10:00 AM – 11:30 PM","The place is really comfortable for doing work, it has its own room, for gathering with friends it's also very aesthetic, clean and the service is really friendly, you must try it. The toilets are also comfortable and clean so don't worry if you want to pray at the same time, come on, come here"
ae4aa437-733f-42af-9b0a-2bb07b13ed4c,Lungguh Coffee & Eatery,"Jl. RA Wiryaatmaja No.27, Pesayangan, Kedungwuluh, Kec. Purwokerto Bar., Kabupaten Banyumas, Jawa Tengah 53131, Indonesia",-7.4215056,109.226336,,4.6,179,2,0851-7541-9800,,False,0,"Monday: 11:00 AM – 9:00 PM
Tuesday: 11:00 AM – 9:00 PM
Wednesday: 11:00 AM – 9:00 PM
Thursday: 11:00 AM – 9:00 PM
Friday: 11:00 AM – 10:00 PM
Saturday: 11:00 AM – 10:00 PM
Sunday: 11:00 AM – 9:00 PM",It's good to have a place to hang near my place!
72a2f548-e945-41fd-bb5b-69550bc062f9,Tilehause no.23,"Jl. Kalibener No.30, Kalibener, Purwanegara, Kec. Purwokerto Tim., Kabupaten Banyumas, Jawa Tengah 53142, Indonesia",-7.436244200000001,109.237981,,4.8,45,0,,,False,0,"Monday: 8:00 AM – 11:00 PM
Tuesday: 8:00 AM – 11:00 PM
Wednesday: 8:00 AM – 11:00 PM
Thursday: 8:00 AM – 11:00 PM
Friday: 8:00 AM – 11:00 PM
Saturday: 8:00 AM – 11:00 PM
Sunday: 8:00 AM – 11:00 PM","HEE, IT'S DELICIOUS HEE

This place is also great for working on assignments. There's outdoor, indoor smoking, and indoor non-smoking areas! There's a prayer room 🥺🙏🏻 and the toilet is big, I feel like taking a shower 🫠🪸😙🌸💫

I forgot what I ordered, and it was surprisingly delicious in my opinion! Give it a try!"
292348f9-50c0-47d8-95b3-1b563a805892,Arunika Coffee Purwokerto,"Jl. Pahlawan Gg. IV, Pasirmuncang Tengah, Pasirmuncang, Kec. Purwokerto Bar., Kabupaten Banyumas, Jawa Tengah 53137, Indonesia",-7.4305517,109.2197799,,4.8,76,0,,https://www.instagram.com/arunikacoffee.pwt?igsh=OGQ5ZDc2ODk2ZA==,False,0,"Monday: 3:00 – 11:00 PM
Tuesday: 3:00 – 11:00 PM
Wednesday: 3:00 – 11:00 PM
Thursday: 3:00 – 11:00 PM
Friday: 3:00 – 11:00 PM
Saturday: 8:00 AM – 11:00 PM
Sunday: 8:00 AM – 11:00 PM","good place, good food, good vibes!"
a2501c0b-f961-4323-8a14-794f866a72c0,Duanja® Coffee & Spaces,"Jl. Pungkuran No.4, Purwokerto, Sokanegara, Kec. Purwokerto Tim., Kabupaten Banyumas, Jawa Tengah 53115, Indonesia",-7.4220643,109.2300868,,4.7,1838,2,0812-1502-6200,https://www.cssbi.id/,False,0,"Monday: 8:00 AM – 11:00 PM
Tuesday: 8:00 AM – 11:00 PM
Wednesday: 8:00 AM – 11:00 PM
Thursday: 8:00 AM – 11:00 PM
Friday: 8:00 AM – 11:00 PM
Saturday: 8:00 AM – 11:00 PM
Sunday: 8:00 AM – 11:00 PM","One of my fave cafes in town! It’s my go-to for studying, hanging with friends, or just spending time with fam. The service is friendly, the place is spacious with tons of options, and the food’s solid. Plus, it’s pretty affordable. Only thing is, during rush hours, it gets super loud. People talking loud, laughing, and just being kinda noisy. So, probably not the best spot if you’re with your parents, especially if you want a chill, quiet vibe."
22544d7f-04f7-4cac-aeb2-966003161c32,Senaya Bakery & Society,"Jl. Brigjend. Encung, Karangjambu, Purwanegara, Kec. Purwokerto Tim., Kabupaten Banyumas, Jawa Tengah 53127, Indonesia",-7.407790199999999,109.2345306,,4.6,142,0,(0281) 7779181,https://www.instagram.com/hausofsenaya/,False,0,"Monday: Closed
Tuesday: 11:00 AM – 8:00 PM
Wednesday: 11:00 AM – 8:00 PM
Thursday: 11:00 AM – 8:00 PM
Friday: 11:00 AM – 8:00 PM
Saturday: 11:00 AM – 8:00 PM
Sunday: 11:00 AM – 8:00 PM","Good taste and the place so comfortable
Recommended"
6e648f6f-05af-41d7-969a-19a92c490277,D PIROS CAFE & RESTO,"Jl. Gelora Indah I, Mangunjaya, Arcawinangun, Kec. Purwokerto Tim., Kabupaten Banyumas, Jawa Tengah 53113, Indonesia",-7.4194963,109.2515029,,4.8,252,0,0812-2446-6858,,False,0,"Monday: 10:30 AM – 9:00 PM
Tuesday: 10:30 AM – 9:00 PM
Wednesday: 10:30 AM – 9:00 PM
Thursday: 10:30 AM – 9:00 PM
Friday: 10:30 AM – 9:00 PM
Saturday: 10:30 AM – 9:00 PM
Sunday: 10:30 AM – 9:00 PM","Awful experience. The foods came after so long time. Even my order didn't come at all; luckily it wasn't on the bill. Maybe the cook lost the note or forgot it. But it sill doesn't make sense, as we're the only customers at that time. The waitress should've make sure that all of our orders had already came. And the price is too high, and it's not worth it. In a particular note, the duck meat has more fat than meat. I won't go there again"
4ebc9c8b-43f2-4413-86d8-18a469d0e4cd,Den Huis Coffee & Roastery,"Gg. Volly, Mangunjaya, Purwokerto Lor, Kec. Purwokerto Tim., Kabupaten Banyumas, Jawa Tengah 53114, Indonesia",-7.418685099999999,109.2489154,,4.7,222,0,0858-5660-1820,https://instagram.com/denhuiscoffeeandroastery?igshid=YmMyMTA2M2Y=,False,0,"Monday: 8:00 AM – 10:00 PM
Tuesday: 8:00 AM – 10:00 PM
Wednesday: 8:00 AM – 10:00 PM
Thursday: 8:00 AM – 10:00 PM
Friday: 8:00 AM – 10:00 PM
Saturday: 8:00 AM – 10:00 PM
Sunday: 8:00 AM – 10:00 PM","Good coffee, nice ambience, fast wifi, good food. Price is affordable.
For lactose intolerant people you can order with oat milk to replace fresh milk.
A lot of board games like uno, cards, dart, guitar, etc."
04761a26-7651-4984-91d4-1e76f3948529,Goki Cafe,"Jl. Sokajati No.03, RT.01/RW.03, Bantarsoka, Kec. Purwokerto Bar., Kabupaten Banyumas, Jawa Tengah 53133, Indonesia",-7.4244725,109.2218723,,4.4,1113,2,0838-6233-3223,,False,0,"Monday: 11:00 AM – 12:00 AM
Tuesday: 11:00 AM – 12:00 AM
Wednesday: 11:00 AM – 12:00 AM
Thursday: 11:00 AM – 12:00 AM
Friday: 11:00 AM – 12:00 AM
Saturday: 11:00 AM – 12:00 AM
Sunday: 11:00 AM – 12:00 AM","Their cafe located near underpass and also train bridge, despite its nice place.. the food is not that good, their indonesian platter is kinda bland and they take long time to serve.
Their signature ice coffee is okay. I hope they do improve in food taste in future"
e37d81a5-f320-48f1-9556-bbca6fabfa2e,Bunto's Cafe,"Jl. Jend. Soedirman No.296, Pereng, Sokanegara, Kec. Purwokerto Tim., Kabupaten Banyumas, Jawa Tengah 53116, Indonesia",-7.4252698,109.2303599,,4.3,1982,2,0851-1710-0059,,False,0,"Monday: 7:00 AM – 12:00 AM
Tuesday: 7:00 AM – 12:00 AM
Wednesday: 7:00 AM – 12:00 AM
Thursday: 7:00 AM – 12:00 AM
Friday: 7:00 AM – 12:00 AM
Saturday: 7:00 AM – 12:00 AM
Sunday: 7:00 AM – 12:00 AM","affordable price for Sushi although not meet my expectations for sushi.
the fish quite good.
located inside Rita supermall but somehow in google if we write ichiban sushi purwokerto they will appear as buntos chicken. this one need to be fixed."
d0695be5-4460-4649-ba6b-8977d7bc6004,Loja De Cafe,"JL. H.R Bunyamin No.89, Pakembaran, Bancarkembar, Kec. Purwokerto Utara, Kabupaten Banyumas, Jawa Tengah 53121, Indonesia",-7.4092481,109.2454609,,3.9,2615,1,0878-3687-2000,https://lojadecafe.shop/,False,0,"Monday: Open 24 hours
Tuesday: Open 24 hours
Wednesday: Open 24 hours
Thursday: Open 24 hours
Friday: Open 24 hours
Saturday: Open 24 hours
Sunday: Open 24 hours",Their sop ayam and nasi daun jeruk was perfectly cooked and full of flavor.
d71fe757-d7bf-4e1e-8ad0-cff5f5616c10,Personaa Kopi Purwokerto,"Jl. Jendral Suprapto No.19, Kauman Lama, Purwokerto Lor, Kauman Lama, Tim, Kec. Purwokerto Tim., Kabupaten Banyumas, Jawa Tengah 53114, Indonesia",-7.426923299999999,109.2437769,,4.7,56,0,0858-0274-7080,,False,0,"Monday: Open 24 hours
Tuesday: Open 24 hours
Wednesday: Open 24 hours
Thursday: Open 24 hours
Friday: Open 24 hours
Saturday: Open 24 hours
Sunday: Open 24 hours",a comfort place to rest and hangout with friends
94b316e1-c60c-4aba-aaca-020bc2b40323,Fore Coffee - Sudirman Purwokerto,"Kranjimuntang, Purwanegara, Kec. Purwokerto Tim., Kabupaten Banyumas, Jawa Tengah 53116, Indonesia",-7.426294699999999,109.2342071,,4.4,744,0,0812-1111-8456,,False,0,"Monday: 7:00 AM – 10:00 PM
Tuesday: 7:00 AM – 10:00 PM
Wednesday: 7:00 AM – 10:00 PM
Thursday: 7:00 AM – 10:00 PM
Friday: 7:00 AM – 11:00 PM
Saturday: 7:00 AM – 11:00 PM
Sunday: 7:00 AM – 10:00 PM","Franchise of local coffee brand. Comfy place with great coffee, especially its Pandan Latte. Its large windows are actually doing a perfect job to let natural lights into its indoor area and emphasize its natural, outdoorsy theme. For some people, however, found it disturbing to their laptop screen and despise it."
820d915a-9775-4a43-9eda-39283bc1aca7,Waroenk Ora Umum,"Jl. DR. Soeparno No.98, Arcawinangun, Kec. Purwokerto Tim., Kabupaten Banyumas, Jawa Tengah 53113, Indonesia",-7.415413200000001,109.2541623,,4.3,6202,0,0811-2773-333,http://www.instagr.am/waroenkoraumum,False,0,"Monday: Open 24 hours
Tuesday: Open 24 hours
Wednesday: Open 24 hours
Thursday: Open 24 hours
Friday: Open 24 hours
Saturday: Open 24 hours
Sunday: Open 24 hours","Dapur Ora Umum has a concept that feels similar to Warung Upnormal, with a casual and modern warung-style setup. They provide a nobar area, separate smoking and non-smoking rooms, which makes it comfortable for different preferences. I expected the place to be very crowded, but it turned out quite calm when I visited.

They serve many meal options, so there’s plenty to choose from. I tried the nasi goreng hijau and it was good, flavorful, and enjoyable, while the other menu items I tried were more on the moderate side. Overall, it’s a comfortable place to eat, hang out, or watch together with friends, with a relaxed atmosphere and decent food choices."
c85661c0-48d7-4b53-ba55-b6b0d9722f1c,Annamaya Cafe & Eatery,"Jl. Gelora Indah I Gg. Catur No.8, Mangunjaya, Purwokerto Lor, Kec. Purwokerto Tim., Kabupaten Banyumas, Jawa Tengah 53113, Indonesia",-7.419300000000001,109.2509703,,4.7,80,0,0851-6644-9505,https://www.instagram.com/annamaya_official?igsh=MTBrb3hkaDFmNXg1dA%3D%3D&utm_source=qr,False,0,"Monday: 3:30 PM – 12:00 AM
Tuesday: 3:30 PM – 2:00 AM
Wednesday: 3:30 PM – 12:00 AM
Thursday: 3:30 PM – 12:00 AM
Friday: 5:00 PM – 2:00 AM
Saturday: 5:00 PM – 2:00 AM
Sunday: 3:30 PM – 12:00 AM","I really like the place, it's comfortable, there's a new outdoor area on the side that's no less beautiful, so there are lots of places for photo spots😽😽 There's WiFi✅ HP charger socket✅ Suitable for assignments, hanging out with friends / family / boyfriend / HTS is also okay🤭🤭The food is also really delicious, not stingy, the employees are really nice, very friendly🌟🌟🌟🌟 especially the live music every day makes hanging out even more fun✨✨ I come here so often that the employees even if I order a drink, they don't forget to add lots of ice cubes, right? 😆☝🏻What's missing?! beststtt in short 🤓🙏🏻"
a800ba7c-4803-4f8e-b542-e12d0557bd24,Colony Coffee Eatery & Social Space,"H6GQ+8V2, Jalan let kol soemarto, Brubahan, Purwanegara, Kec. Purwokerto Tim., Kabupaten Banyumas, Jawa Tengah 53127, Indonesia",-7.424242199999998,109.2396281,,4.7,16,0,,,False,0,,Ok
1d18fdb6-5989-4787-a50e-3bb19cf8f5a4,Infinity Billiard and Cafe,"H6WV+PHJ, Pakembaran, Bancarkembar, Kec. Purwokerto Utara, Kabupaten Banyumas, Jawa Tengah 53125, Indonesia",-7.403154499999999,109.2438941,,4.6,194,0,0812-2960-5558,,False,0,"Monday: 10:00 AM – 2:00 AM
Tuesday: 10:00 AM – 2:00 AM
Wednesday: 10:00 AM – 2:00 AM
Thursday: 10:00 AM – 2:00 AM
Friday: 10:00 AM – 2:00 AM
Saturday: 10:00 AM – 2:30 AM
Sunday: 10:00 AM – 2:00 AM","not a good place, especially regarding the employees, poor thing"
2f1882d0-3410-46ba-8a28-bf5ae8458201,Singgah Coffee & Book,"Jl. Riyanto No.29, Karangmiri, Sumampir, Kec. Purwokerto Utara, Kabupaten Banyumas, Jawa Tengah 53125, Indonesia",-7.399841200000001,109.2411451,,4.5,1120,2,0851-5808-3700,http://www.instagram.com/singgahcoffeebookpwt,False,0,"Monday: 7:00 AM – 10:00 PM
Tuesday: 7:00 AM – 10:00 PM
Wednesday: 7:00 AM – 10:00 PM
Thursday: 7:00 AM – 10:00 PM
Friday: 7:00 AM – 10:00 PM
Saturday: 7:00 AM – 10:00 PM
Sunday: 7:00 AM – 10:00 PM","i love the atmosphere of this place..
i went there twice and they have books to spend your time.
matcha latte was good but the fried rice was mid but still taste okay"
02026ab8-1e27-430c-a94c-b14923d15ef9,Coffee BRAKE,"Jl. DR. Soeparno No.772, Arcawinangun, Kec. Purwokerto Tim., Kabupaten Banyumas, Jawa Tengah 53123, Indonesia",-7.415874999999999,109.2542398,,4.7,637,2,0811-2772-288,http://www.instagram.com/coffeebrake.id/,False,0,"Monday: 9:00 AM – 10:00 PM
Tuesday: 9:00 AM – 10:00 PM
Wednesday: 9:00 AM – 10:00 PM
Thursday: 9:00 AM – 10:00 PM
Friday: 9:00 AM – 10:00 PM
Saturday: 9:00 AM – 10:00 PM
Sunday: 9:00 AM – 10:00 PM","One of coffee shop in Purwokerto with nice ambience. We order espresso cube and Iga Geprek, the taste of the menu is good. They have a quiet vibes, suitable for working, family gathering or just hang out with friends. The praying room maybe need to improve the cleanliness"
05155074-c0e1-4501-b160-c0d55872ab07,Awor Coffee Purwokerto,"Ruko, Permata Hijau Raya No.6 Blok A, Glempang, Bancarkembar, Kec. Purwokerto Utara, Kabupaten Banyumas, Jawa Tengah 53115, Indonesia",-7.4146422,109.2402308,,4.6,357,0,0813-9386-8987,https://instagram.com/awor.coffee,False,0,"Monday: 8:00 AM – 11:00 PM
Tuesday: 8:00 AM – 11:00 PM
Wednesday: 8:00 AM – 11:00 PM
Thursday: 8:00 AM – 11:00 PM
Friday: 8:00 AM – 11:00 PM
Saturday: 8:00 AM – 11:00 PM
Sunday: 8:00 AM – 11:00 PM","Good coffee place!!
The interior is also nice.
Too bad we are too full so we only ordered a drink.
Definitely will try the pastry on our next visit."
2bda6dc2-e224-4009-b2b3-08d83638613e,Semesta Coffee | Cafe Terdekat,"Jl. Tegal Sari, Dusun III, Dukuhwaluh, Kec. Kembaran, Kabupaten Banyumas, Jawa Tengah 53182, Indonesia",-7.414843400000001,109.2723232,,4.5,369,1,0812-2951-2129,https://semestacafe.web.app/,False,0,"Monday: 7:00 AM – 2:00 AM
Tuesday: 7:00 AM – 2:00 AM
Wednesday: 7:00 AM – 2:00 AM
Thursday: 7:00 AM – 2:00 AM
Friday: 7:00 AM – 2:00 AM
Saturday: 7:00 AM – 2:00 AM
Sunday: 7:00 AM – 2:00 AM",Good taste n cozy place
9fed7aec-77a9-41d4-8d6f-e321b668e825,Vermont Dining,"Kec, Jl. Jend. Gatot Subroto No.34-36, Kebondalem, Purwokerto Lor, Kec. Purwokerto Tim., Kabupaten Banyumas, Jawa Tengah 53127, Indonesia",-7.423165,109.243519,,4.8,555,0,0851-7997-6731,,False,0,"Monday: 11:00 AM – 10:00 PM
Tuesday: 11:00 AM – 10:00 PM
Wednesday: 11:00 AM – 10:00 PM
Thursday: 11:00 AM – 10:00 PM
Friday: 11:00 AM – 10:00 PM
Saturday: 11:00 AM – 10:00 PM
Sunday: 11:00 AM – 10:00 PM","I never expect a small town will have such a great place... The ambience is very comforting to have a chat or quality time with your loved one.

Also suitable for family and kids, there are so many food and drinks option with great taste...

The worker is very friendly and skillful... I used to hate restaurant with dumb worker who doesn't know anything about the food ...

Serving time and food portion is decent... Food taste is great.

The minus will be the parking area, the parking guy also not directive we have to circle around 3 times just to get the parking lot...

Looking forward to come again on my next trip."
b10efdbc-a953-4fa4-b9e6-0abb1ab4a21a,Lataran Purwokerto,"Jl. DR. Soeparno No.57, Arcawinangun, Kec. Purwokerto Tim., Kabupaten Banyumas, Jawa Tengah 53122, Indonesia",-7.416768399999999,109.2539816,,4.0,600,2,0881-8526-440,,False,0,"Monday: 8:00 AM – 1:00 AM
Tuesday: 8:00 AM – 1:00 AM
Wednesday: 8:00 AM – 1:00 AM
Thursday: 8:00 AM – 1:00 AM
Friday: 8:00 AM – 1:00 AM
Saturday: 8:00 AM – 1:00 AM
Sunday: 8:00 AM – 1:00 AM","Enjoyable experience. With the view of green areas (rice field) in the upstair, I can peacefully finish my work here. The interior design resembles with cafes in Korea, I guess. At least that's what in my mind when I sit in the bench inside the 2nd floor haha. 5/5 for the ambience.

The food and beverages are not so bad. I'd recommend sea salt butterscotch coffee. 4,5/5 for the foods and drinks."
62931596-06dd-43c1-a343-0ada3fb0f4af,"Ours Resto & Cafe (Japanese, Western, Asian Food)","Jl. Dr Angka No 76 DE, Glempang, Bancarkembar, Kec. Purwokerto Tim., Kabupaten Banyumas, Jawa Tengah 53121, Indonesia",-7.4167853,109.2422033,,4.8,484,0,0821-3606-5606,,False,0,"Monday: 10:00 AM – 10:00 PM
Tuesday: 10:00 AM – 10:00 PM
Wednesday: 10:00 AM – 10:00 PM
Thursday: 10:00 AM – 10:00 PM
Friday: 10:00 AM – 10:00 PM
Saturday: 10:00 AM – 10:00 PM
Sunday: 10:00 AM – 10:00 PM","new place in town.
the place is comfortable enough.
for me, their best menu is sushi..
but they have salmon soup.
the Burger is ok.
should try this place if you are a Japanese food fans. 👍🏻"
7cbe270d-1a03-446d-a9a9-643b3c714bdf,Teorema Coffee Purwokerto,"Jl. Ahmad Yani, Ruko Jl. Tanjlig No.07, Karangjengkol, Sokanegara, Kec. Purwokerto Bar., Kabupaten Banyumas, Jawa Tengah 53131, Indonesia",-7.4168434,109.23038,,4.5,70,0,,https://karirpurwokerto.id/lowongan-pekerjaan-teorema-coffee-purwokerto/,False,0,"Monday: 3:00 – 11:00 PM
Tuesday: 3:00 – 11:00 PM
Wednesday: 3:00 – 11:00 PM
Thursday: 3:00 – 11:00 PM
Friday: 3:00 – 11:00 PM
Saturday: 3:00 PM – 12:00 AM
Sunday: 3:00 – 11:30 PM",Just a regular coffee shop and did not find any bad things. All is good.
fd3402cc-1301-4e43-baf7-bc0a77913c30,teras coffee & eatery,"Jl. Prof. Dr. Suharso No.49, Mangunjaya, Purwokerto Lor, Kec. Purwokerto Tim., Kabupaten Banyumas, Jawa Tengah 53114, Indonesia",-7.4173263,109.2494865,,4.8,240,0,,,False,0,"Monday: 9:00 AM – 12:00 AM
Tuesday: 9:00 AM – 12:00 AM
Wednesday: 9:00 AM – 12:00 AM
Thursday: 9:00 AM – 12:00 AM
Friday: 9:00 AM – 12:00 AM
Saturday: 9:00 AM – 2:00 AM
Sunday: 9:00 AM – 12:00 AM","Girls out in Teras Kita cafe, the vibes was amazing, comfy and the food was great. Especally the rice bowl.
And also their service was friendly."
7b1e9c39-78ae-475c-97b0-505e3c5ac4a4,Vato Coffee,"Jl. Adipati Mersi No.73, Kepetek, Mersi, Kec. Purwokerto Tim., Kabupaten Banyumas, Jawa Tengah 53112, Indonesia",-7.426828899999999,109.2659859,,4.8,550,0,0812-6313-1444,https://linktr.ee/vatocoffee.id?utm_source=linktree_profile_share&ltsid=8abaa6b1-36c5-4375-8f4b-dad3dbc4bce0,False,0,"Monday: 8:00 AM – 11:00 PM
Tuesday: 8:00 AM – 11:00 PM
Wednesday: 8:00 AM – 11:00 PM
Thursday: 8:00 AM – 11:00 PM
Friday: 8:00 AM – 12:00 AM
Saturday: 8:00 AM – 12:00 AM
Sunday: 9:00 AM – 12:00 AM","I've always ordered hot red velvet latte here and it's always so delicious! The atmosphere is always really welcoming and calming, and I really surprised with how nice and kind the staffs are!! They greet and said byes to their customers everything. May this place flourish even more ♡♡"
479167a5-1825-4756-ae19-2dbcc01b31bd,Taman Coffee,"Jl. Gn. Muria No.985, Karang Bawang, Grendeng, Kec. Purwokerto Utara, Kabupaten Banyumas, Jawa Tengah 53122, Indonesia",-7.4065128,109.2490427,,4.5,574,2,0813-2664-6469,,False,0,"Monday: 9:00 AM – 12:00 AM
Tuesday: 9:00 AM – 12:00 AM
Wednesday: 9:00 AM – 12:00 AM
Thursday: 9:00 AM – 12:00 AM
Friday: 9:00 AM – 12:00 AM
Saturday: 9:00 AM – 12:00 AM
Sunday: 9:00 AM – 12:00 AM",The best service n highly recommended
067f3787-9dfc-4a51-9c80-fd09fd76c10d,Kopi Kenangan - Ruko Bunyamin Purwokerto,"Jl. Profesor DR. HR Boenyamin No.106a, Sumampir Wetan, Pabuaran, Kec. Purwokerto Utara, Kabupaten Banyumas, Jawa Tengah 53125, Indonesia",-7.3987501,109.2449077,,4.9,328,2,,http://www.kopikenangan.com/,False,0,"Monday: 7:00 AM – 11:30 PM
Tuesday: 7:00 AM – 11:30 PM
Wednesday: 7:00 AM – 11:30 PM
Thursday: 7:00 AM – 11:30 PM
Friday: 7:00 AM – 11:30 PM
Saturday: 7:00 AM – 11:30 PM
Sunday: 7:00 AM – 11:30 PM","clean and well prepared, good foods, and nice services"
46d77f3d-687c-41ba-b006-1488041db92b,Kopi Leci,"Jl. Mt Haryono No.140, Purwokerto Wetan, Kec. Purwokerto Tim., Kabupaten Banyumas, Jawa Tengah 53121, Indonesia",-7.425515099999999,109.2510789,,4.6,330,0,0823-6695-0965,https://www.instagram.com/kopi__leci?igsh=N3VzY3JsZm4xdHo1,False,0,"Monday: 11:00 AM – 12:00 AM
Tuesday: 11:00 AM – 12:00 AM
Wednesday: 11:00 AM – 12:00 AM
Thursday: 11:00 AM – 12:00 AM
Friday: 11:00 AM – 12:00 AM
Saturday: 11:00 AM – 12:00 AM
Sunday: 11:00 AM – 12:00 AM","Very good atmosphere and very good service, i like it"
49192c9e-8074-4217-99ab-bd933d051ad9,Loko Coffee Shop Purwokerto,"H6HC+QXM, Jl. Pemuda, Bantarsoka, Kober, Kec. Purwokerto Bar., Kabupaten Banyumas, Jawa Tengah 53132, Indonesia",-7.4205253,109.2224324,,4.5,200,0,,https://instagram.com/lokocafe?igshid=OTJlNzQ0NWM=,False,0,"Monday: 3:00 – 11:00 PM
Tuesday: 3:00 – 11:00 PM
Wednesday: 3:00 – 11:00 PM
Thursday: 3:00 – 11:00 PM
Friday: 3:00 – 11:00 PM
Saturday: 3:00 – 11:00 PM
Sunday: 3:00 – 11:00 PM","Comfortable place. Such a nice transit after a long train jurney. The menu is quite variative, there are snacks, beverages, and also food.
It is better to come in the evening or be there tk catch the sunset because there is a tribune and rooftop with proper seat to enjoy the sky. Unique things: train chairs and tables. I bet you can't find any in the other place but in the locomotive and Loko cafe."
e50627de-c885-4471-ba2e-dc31d2037a4b,Kopi Pemuda Purwokerto,"Jl. Pemuda No.51, Kober, Kec. Purwokerto Bar., Kabupaten Banyumas, Jawa Tengah 53132, Indonesia",-7.4188844,109.2235316,,4.6,215,1,0813-2532-5250,,False,0,"Monday: 3:00 PM – 12:00 AM
Tuesday: 3:00 PM – 12:00 AM
Wednesday: 3:00 PM – 12:00 AM
Thursday: 3:00 PM – 12:00 AM
Friday: 3:00 PM – 12:00 AM
Saturday: 3:00 PM – 12:00 AM
Sunday: 3:00 PM – 12:00 AM","A homey coffee shop, located about 100 meters from Purwokerto Train Station. A house that looks pretty old and has been turned into a coffee shop with lots of seats in several rooms.
They serve coffee and noncoffee menu, as well as several types of light snacks. If you just got off the train, you can order online taxi from this coffee shop safely."
82c141f5-fb75-4d27-bc42-bf770a9cc8d2,Punkalan Coffee,"Gg. IV No.5, RT.03/RW.07, Pesayangan, Kedungwuluh, Kec. Purwokerto Bar., Kabupaten Banyumas, Jawa Tengah 53131, Indonesia",-7.4179357,109.2299675,,4.7,661,1,,https://linktr.ee/punkshousecoffee,False,0,"Monday: 10:00 AM – 11:00 PM
Tuesday: 10:00 AM – 11:00 PM
Wednesday: 10:00 AM – 11:00 PM
Thursday: 10:00 AM – 11:00 PM
Friday: 10:00 AM – 11:00 PM
Saturday: 10:00 AM – 11:00 PM
Sunday: 10:00 AM – 11:00 PM","This place has that warm, homey feeling you can’t fake."
ac66a337-ddfb-4766-8c2b-00ca8e0900b1,Barak Kersen Coffee N Art,"H6GJ+2PQ, Purwokerto, Sokanegara, Kec. Purwokerto Tim., Kabupaten Banyumas, Jawa Tengah 53115, Indonesia",-7.424905900000001,109.2318575,,4.8,72,0,0812-4929-2426,,False,0,"Monday: 10:00 AM – 4:00 AM
Tuesday: 10:00 AM – 4:00 AM
Wednesday: 10:00 AM – 4:00 AM
Thursday: 10:00 AM – 4:00 AM
Friday: 10:00 AM – 4:00 AM
Saturday: 10:00 AM – 4:00 AM
Sunday: 10:00 AM – 4:00 AM",Enjoy four food not your frend. 😄
633bbe04-e07b-408a-8a12-34e0bc0b6471,Patawi,"Perum Puri Intan No.91, Karang Blimbing, Pabuaran, Kec. Purwokerto Utara, Kabupaten Banyumas, Jawa Tengah 53124, Indonesia",-7.3841747,109.2451704,,4.7,164,0,0813-2755-9999,http://www.tokopedia.com/patawiid,False,0,"Monday: 8:00 AM – 5:30 PM
Tuesday: 8:00 AM – 5:30 PM
Wednesday: 8:00 AM – 5:30 PM
Thursday: 8:00 AM – 5:30 PM
Friday: 8:00 AM – 5:30 PM
Saturday: 8:00 AM – 5:30 PM
Sunday: 7:00 AM – 5:30 PM","Cafe Patawi is truly a hidden gem. The coffee is excellent—rich, well-balanced, and clearly made with care. Their cookies are just as impressive: fresh, delicious, and the perfect match for a cup of coffee.
The cozy atmosphere makes it a great place to relax, and it’s definitely one of those spots you’ll want to come back to again and again. If you’re looking for good coffee and tasty treats away from the crowds, Cafe Patawi is a must-visit."
308698b0-550e-41bb-875f-e224ef240e98,LINK COFFEE,"Jl. Merdeka No.9, Brubahan, Purwanegara, Kec. Purwokerto Tim., Kabupaten Banyumas, Jawa Tengah 53116, Indonesia",-7.4250037,109.2370906,,4.7,164,1,(0281) 627396,https://www.instagram.com/linkcoffee.id/,False,0,"Monday: 1:00 – 10:00 PM
Tuesday: 1:00 – 10:00 PM
Wednesday: 1:00 – 10:00 PM
Thursday: 1:00 – 10:00 PM
Friday: 1:00 – 11:00 PM
Saturday: 1:00 – 11:00 PM
Sunday: 1:00 – 11:00 PM",".parking on the side of road,
.In front of the main door we can see some otopad there, Otopad for rent,
.come inside then order, their menu not only cofee but also non-cofee and food; rice bowl, toast, snacks,
. payment : cash, cards,
.the place is not big but nice and clean, good for spend time alone or with friends,

.enjoy your cofee!"
0fe841d0-5e4f-4e76-a6ed-b4dd4e86876e,Toko Kopi Purwokerto dan Toko Biji Kopi Nakopi Roastery,"Seberang Rocket Chicken Agus Salim - selatan Salsa Snack, Jl. Kh. Agus Salim, Karangpucung, Kec. Purwokerto Sel., Kabupaten Banyumas, Jawa Tengah 53142, Indonesia",-7.444106499999998,109.2360742,,5.0,178,0,0838-6315-0405,https://jualkopipurwokerto.com/,False,0,"Monday: 9:00 AM – 9:00 PM
Tuesday: Closed
Wednesday: 9:00 AM – 9:00 PM
Thursday: 9:00 AM – 9:00 PM
Friday: 9:00 AM – 9:00 PM
Saturday: 9:00 AM – 9:00 PM
Sunday: 9:00 AM – 9:00 PM",This place is so cool. Came to this place when worked from Jakarta. This place is new and one and only to buy a coffee beans. This store provied various beans from local and in various weight to (you can choose from 100-500gr). And the owner really nice! Its not the operational hour when i’m visited this place. But he opened up the store for me. Thankyou!
4c4588a9-605c-484c-9ba3-845075ab3051,Full Speed Ahead - FSA SPACE - Curated Culinary Hub,"Jl. Pungkuran, Purwokerto, Sokanegara, Kec. Purwokerto Tim., Kabupaten Banyumas, Jawa Tengah 53116, Indonesia",-7.422127300000001,109.2299369,,4.6,562,2,0813-9320-0020,,False,0,"Monday: 8:00 AM – 11:00 PM
Tuesday: 8:00 AM – 11:00 PM
Wednesday: 8:00 AM – 11:00 PM
Thursday: 8:00 AM – 11:00 PM
Friday: 8:00 AM – 11:00 PM
Saturday: 8:00 AM – 11:00 PM
Sunday: 8:00 AM – 11:00 PM","Cozy place. Affordable price. The wifi is so so. Nice interior design. I like every details in here, especially the lamps. Dont forget to try their hot green tea latte. Recommended 👍🏼"
7bf9c9af-007f-4d9c-869d-f81cdc066b1a,Mons Street Coffee,"Simpang lampu merah, Jl. S. Parman, Kauman Lama, Purwokerto Lor, Kec. Purwokerto Tim., Kabupaten Banyumas, Jawa Tengah 53141, Indonesia",-7.427971299999999,109.2438379,,5.0,3,0,0857-8884-6752,,False,0,"Monday: 7:00 PM – 1:00 AM
Tuesday: 7:00 PM – 1:00 AM
Wednesday: 7:00 PM – 1:00 AM
Thursday: 7:00 PM – 1:00 AM
Friday: 7:00 PM – 1:00 AM
Saturday: 7:00 PM – 1:00 AM
Sunday: 7:00 PM – 1:00 AM","Don't forget to stop by guys, the menu is delicious, the place is also comfortable"
e670aea3-c0db-4607-b51b-71b7b04c4cbf,Hetero Space Banyumas,"Jl. Jend. Gatot Subroto No.67, Sitapen, Purwanegara, Kec. Purwokerto Tim., Kabupaten Banyumas, Jawa Tengah 53116, Indonesia",-7.4216344,109.2378608,,4.9,632,0,,https://instagram.com/heterospace.bms,False,0,"Monday: 8:00 AM – 6:00 AM
Tuesday: 8:00 AM – 6:00 PM
Wednesday: 8:00 AM – 6:00 PM
Thursday: 8:00 AM – 6:00 PM
Friday: 8:00 AM – 6:00 PM
Saturday: 8:00 AM – 6:00 PM
Sunday: 8:00 AM – 6:00 PM","Hetero Space Banyumas in Purwokerto is a unique blend of modernity and cultural richness. The ambiance is both relaxing and invigorating, making it a perfect spot for both relaxation and productive endeavors. The design and layout are thoughtfully curated, reflecting a harmonious blend of contemporary aesthetics and traditional elements. Whether you're looking to work, socialize, or simply unwind, Hetero Space Banyumas offers an environment that caters to all."
5e6df271-5d18-4979-bc14-690e267cf6fe,Ethos Digital Valley Cafe,"Purwokerto, Bewok, Karanggintung, Sumbang, Banyumas Regency, Central Java 53183, Indonesia",-7.3725643,109.2462029,,4.7,183,2,0815-5876-1110,,False,0,"Monday: 10:00 AM – 7:00 PM
Tuesday: 10:00 AM – 7:00 PM
Wednesday: 10:00 AM – 7:00 PM
Thursday: 10:00 AM – 7:00 PM
Friday: 10:00 AM – 7:00 PM
Saturday: 10:00 AM – 7:00 PM
Sunday: Closed","Good place to consider for half or full day meetings. Nice food, good location."
5247a581-b847-4b40-a027-1580d2ea98a8,Coworking Space KOMBAS,"Gg. Nusaindah No.29, Karangmiri, Sumampir, Kec. Purwokerto Utara, Kabupaten Banyumas, Jawa Tengah 53125, Indonesia",-7.399796599999998,109.2410821,,5.0,12,0,,,False,0,"Monday: 9:00 AM – 5:00 PM
Tuesday: 9:00 AM – 5:00 PM
Wednesday: 9:00 AM – 5:00 PM
Thursday: 9:00 AM – 5:00 PM
Friday: 9:00 AM – 5:00 PM
Saturday: 9:00 AM – 5:00 PM
Sunday: Closed",Digital Marketing
9a412b17-f50c-42ea-8919-cfad623d5b5c,OCTOPUS HUB,"Jl. Dr. Angka No.24, Karangjengkol, Sokanegara, Kec. Purwokerto Tim., Kabupaten Banyumas, Jawa Tengah 53115, Indonesia",-7.416125399999999,109.2341571,,4.7,88,0,0851-5745-8889,,False,0,"Monday: 11:00 AM – 8:00 PM
Tuesday: 11:00 AM – 8:00 PM
Wednesday: 11:00 AM – 8:00 PM
Thursday: 11:00 AM – 8:00 PM
Friday: 11:00 AM – 8:00 PM
Saturday: 11:00 AM – 8:00 PM
Sunday: 11:00 AM – 8:00 PM","I was expecting a long, exhausting day, but the movers worked so efficiently that we were done ahead of schedule."
ca3897d1-ec51-4b4e-a34e-fb13ea1f31c7,UD. MAKMUR SPACE,"Gg. Masjid, Mangunjaya, Purwokerto Lor, Kec. Purwokerto Tim., Kabupaten Banyumas, Jawa Tengah 53114, Indonesia",-7.419645099999999,109.2500537,,5.0,18,0,,,False,0,"Monday: 10:00 AM – 10:00 PM
Tuesday: 10:00 AM – 10:00 PM
Wednesday: 10:00 AM – 10:00 PM
Thursday: 10:00 AM – 10:00 PM
Friday: 10:00 AM – 10:00 PM
Saturday: 10:00 AM – 10:00 PM
Sunday: 10:00 AM – 10:00 PM",Mantap is the best
8429f6f1-4a44-41f2-ba2e-5618461f59a9,Ruang Temu,"Jl. A. Yani No.28C, Karangjengkol, Sokanegara, Kec. Purwokerto Tim., Kabupaten Banyumas, Jawa Tengah 53115, Indonesia",-7.414203799999999,109.2308134,,4.6,498,0,0822-2076-2187,,False,0,"Monday: 8:00 AM – 11:00 PM
Tuesday: 8:00 AM – 11:00 PM
Wednesday: 8:00 AM – 11:00 PM
Thursday: 8:00 AM – 11:00 PM
Friday: 8:00 AM – 11:00 PM
Saturday: 8:00 AM – 12:00 AM
Sunday: 8:00 AM – 12:00 AM","Beyond love this place. The front cafe doesn’t represent what you will get inside. Definitely a house turned into cafe. Indoor place is limited but the backyard is huge and very impressive. Many chairs with some distance so you feel so comfortable having talk with your group and you can sit alone and work, as there are several corners with only 2 chairs. Love the garden so much. The drink choices are fantastic, all with good taste and good presentation. Price surely is affordable and value for money. We are only passing through Purwokerto today but if I live in the city, this is the place to go daily."
ba8ec445-c2c6-4df6-8d48-4a728a0ebffd,Radio Dalam Kopi,"Jalan HR Bunyamin No.103, Pakembaran, Bancarkembar, Kec. Purwokerto Utara, Kabupaten Banyumas, Jawa Tengah 53121, Indonesia",-7.408350299999999,109.2453684,,4.5,393,2,0878-2095-0060,,False,0,"Monday: Open 24 hours
Tuesday: Open 24 hours
Wednesday: Open 24 hours
Thursday: Open 24 hours
Friday: Open 24 hours
Saturday: Open 24 hours
Sunday: Open 24 hours",The ambience is amazing and the people are very good and kind. The food and drinks we get here is delicious and thirst quenching. I would highly suggest you to visit here.
e746496b-86cb-4681-aa9b-60fc81385e4c,Penulis.TOP,"Jl. Arca Mas No.11 RT 04/08, Arcawinangun, Kec. Purwokerto Tim., Kabupaten Banyumas, Jawa Tengah 53113, Indonesia",-7.4109094,109.261367,,5.0,40,0,0878-0296-8999,,False,0,"Monday: 10:00 AM – 4:00 PM
Tuesday: 10:00 AM – 4:00 PM
Wednesday: 10:00 AM – 4:00 PM
Thursday: 10:00 AM – 4:00 PM
Friday: 10:00 AM – 4:00 PM
Saturday: Closed
Sunday: Closed","For those of you who want to chat, please send a private message or check it out directly at the scene.
The picture will follow, bro."
4efe2ea6-9381-4ffc-a75e-c1bce92c628d,Playgrind Roastery,"H7RC+XX4, Dusun II, Dukuhwaluh, Kec. Kembaran, Kabupaten Banyumas, Jawa Tengah 53182, Indonesia",-7.4076247,109.2724674,,4.7,301,0,0821-3313-3003,,False,0,"Monday: 12:00 – 11:00 PM
Tuesday: 12:00 – 11:00 PM
Wednesday: 12:00 – 11:00 PM
Thursday: 12:00 – 11:00 PM
Friday: 12:00 – 11:00 PM
Saturday: 12:00 – 11:00 PM
Sunday: 12:00 – 11:00 PM",Coffee cafe and Coworking place
b58824ab-2aa6-4e7a-b93d-0148ad6a9532,Bumdesma Banyumas Co-Working Space,"Jln. Arsadimeja, Bantarmangu, Teluk, Kec. Purwokerto Sel., Kabupaten Banyumas, Jawa Tengah 53144, Indonesia",-7.455621000000001,109.2474979,,4.9,24,0,(0281) 6841626,http://www.bumdesbersama.id/,False,0,"Monday: 8:00 AM – 5:00 PM
Tuesday: 8:00 AM – 5:00 PM
Wednesday: 8:00 AM – 5:00 PM
Thursday: 8:00 AM – 5:00 PM
Friday: 8:00 AM – 5:00 PM
Saturday: 8:00 AM – 4:30 PM
Sunday: Closed","Puskonet offers 2Mbps, 5Mbps, and 10Mbps packages, and also provides legal internet access for neighborhood associations (RT/RW) net users. Puskonet has obtained an operational permit (ULO)."
1ba9fdfe-63ba-4548-b79a-8f76eb2305fe,RUMAH BUMN PURWOKERTO,"Jl. A. Yani No.28, Karangjengkol, Sokanegara, Kec. Purwokerto Tim., Kabupaten Banyumas, Jawa Tengah 53115, Indonesia",-7.414483299999999,109.230919,,4.8,109,0,,https://www.instagram.com/rumahbumn.purwokerto/,False,0,"Monday: 8:00 AM – 4:00 PM
Tuesday: 8:00 AM – 4:00 PM
Wednesday: 8:00 AM – 4:00 PM
Thursday: 8:00 AM – 4:00 PM
Friday: 8:00 AM – 4:00 PM
Saturday: Closed
Sunday: Closed","The most comfortable place for Micro, Small Medium Enterprise (MSMEs) alias UMKM 🥰"
56969c46-63d4-48a4-b7b7-6dc3b3d10573,Markas GO_JEK & GO_CAR,"H6H7+3JG, Kalibogor, Rejasari, Kec. Purwokerto Bar., Kabupaten Banyumas, Jawa Tengah 53134, Indonesia",-7.422323400000001,109.2140781,,4.0,4,0,0822-3284-5174,,False,0,"Monday: Open 24 hours
Tuesday: Open 24 hours
Wednesday: Open 24 hours
Thursday: Open 24 hours
Friday: Open 24 hours
Saturday: Open 24 hours
Sunday: Open 24 hours",God is good
e6d78413-269e-4f08-8355-1ec0a714f753,Java Creative Space,"Jl. Sudagaran I No.01, Kongsen, Purwokerto Kulon, Kec. Purwokerto Sel., Kabupaten Banyumas, Jawa Tengah 53141, Indonesia",-7.428367799999999,109.2476053,,4.3,16,0,0812-2525-8843,,False,0,"Monday: Open 24 hours
Tuesday: Open 24 hours
Wednesday: Open 24 hours
Thursday: Open 24 hours
Friday: Open 24 hours
Saturday: Open 24 hours
Sunday: Open 24 hours",The only place to play together that's the most fun without a screwdriver
2cd17b77-f423-44f9-ae74-54f89bd3e962,Uduk Kaya Kuwe,"Jl. Jatisari No.28, Karangmiri, Sumampir, Kec. Purwokerto Utara, Kabupaten Banyumas, Jawa Tengah 53125, Indonesia",-7.4039093,109.2398084,,5.0,8,0,0882-3208-7960,https://instagram.com/uduk.kayakuwe,False,0,"Monday: 3:00 PM – 3:00 AM
Tuesday: 3:00 PM – 3:00 AM
Wednesday: 3:00 PM – 3:00 AM
Thursday: 3:00 PM – 3:00 AM
Friday: 3:00 PM – 3:00 AM
Saturday: 3:00 PM – 3:00 AM
Sunday: 3:00 PM – 12:00 AM",The place is comfortable and nice to relax
f75bb566-ca85-4b28-93e6-8d753fee9ea8,Soekarno Circle Coffee Shop,"Lantai 2 Menara pandang teratai, Kalibener, Purwanegara, Kec. Purwokerto Tim., Kabupaten Banyumas, Jawa Tengah, Indonesia",-7.431379699999999,109.232618,,4.3,19,0,,,False,0,,Just good.
bfee5f50-e551-4256-b640-c39916495099,MY SPACE,"H7J7+GW8, Kejawar, Arcawinangun, Kec. Purwokerto Tim., Kabupaten Banyumas, Jawa Tengah 53113, Indonesia",-7.4187116,109.2648157,,5.0,1,0,,,False,0,,
fceaed08-4ad6-49dc-80c4-d2c4f163b14f,Ngalembana Space,"Jl. Riyanto No.1b, Sumampir Wetan, Pabuaran, Kec. Purwokerto Utara, Kabupaten Banyumas, Jawa Tengah 53125, Indonesia",-7.3999199,109.2449406,,4.8,6,0,,,False,0,,My experience visiting this place was a memorable moment in my life. How could it not be? The contemporary architectural touches combined with local Banyumasan culture create a perfect blend.
ad723ff6-a1f3-4f1b-9448-303b0c866440,Bitkreasi Purwokerto | gedung sakura & coworking space kombas,"Jalan Riyanto No 31, RT03RW04, Karangmiri, Sumampir, Kec. Purwokerto Utara, Kabupaten Banyumas, Jawa Tengah 53125, Indonesia",-7.399839399999999,109.2409773,,5.0,2,0,0859-3481-6623,https://bitkreasi.id/,False,0,"Monday: 8:30 AM – 4:00 PM
Tuesday: 8:30 AM – 4:00 PM
Wednesday: 8:30 AM – 4:00 PM
Thursday: 8:30 AM – 4:00 PM
Friday: 8:30 AM – 4:00 PM
Saturday: 8:30 AM – 4:00 PM
Sunday: Closed",The place is cool
523bb3cd-6c46-4afa-9352-49e375fbb77f,Book Circle @Pucon Co Working Space,"Jl. Riyanto No.38, Sumampir Wetan, Sumampir, Kec. Purwokerto Utara, Kabupaten Banyumas, Jawa Tengah 53125, Indonesia",-7.399637,109.2411774,,0.0,0,0,,,False,0,"Monday: 9:00 AM – 12:00 AM
Tuesday: 9:00 AM – 12:00 AM
Wednesday: 9:00 AM – 12:00 AM
Thursday: 9:00 AM – 12:00 AM
Friday: 9:00 AM – 12:00 AM
Saturday: 9:00 AM – 12:00 AM
Sunday: 9:00 AM – 12:00 AM",No review available
d6e56635-dc19-4792-852e-4ebbdc5a5851,Sekretariat BEM KEMA Telkom University Purwokerto,"Jl. DI Panjaitan No.128, Karangreja, Purwokerto Kulon, Kec. Purwokerto Sel., Kabupaten Banyumas, Jawa Tengah 53145, Indonesia",-7.434908600000001,109.2494104,,5.0,2,0,,http://purwokerto.telkomuniversity.ac.id/,False,0,,
8692bb0f-c479-4c9f-84de-f46966d36473,Maridjah,"Ngalembana Space, Jl. Riyanto No.1b, Sumampir Wetan, Pabuaran, Kec. Purwokerto Utara, Kabupaten Banyumas, Jawa Tengah 53125, Indonesia",-7.4000261,109.2448517,,4.4,162,0,0851-6645-1363,,False,0,"Monday: 11:00 AM – 2:00 AM
Tuesday: 11:00 AM – 2:00 AM
Wednesday: 11:00 AM – 2:00 AM
Thursday: 11:00 AM – 2:00 AM
Friday: 11:00 AM – 2:00 AM
Saturday: 11:00 AM – 2:00 AM
Sunday: 11:00 AM – 2:00 AM","Enak dan murah, worth to buy and worth to visit"
a055355e-6398-4592-b649-c3d40e192d42,PT. BGI,"Gg. Anggrek No.64, RT.1 RW1, Sokayasa, Kec. Purwokerto Tim., Kabupaten Banyumas, Jawa Tengah 53146, Indonesia",-7.4279165,109.2572589,,4.9,35,0,0851-3344-4553,,False,0,"Monday: 8:00 AM – 4:00 PM
Tuesday: 8:00 AM – 4:00 PM
Wednesday: 8:00 AM – 4:00 PM
Thursday: 8:00 AM – 4:00 PM
Friday: 8:00 AM – 4:00 PM
Saturday: 8:00 AM – 4:00 PM
Sunday: Closed","The road is easy for cars to enter, the service is good, friendly and professional, and the company is very large."
a6a2d3ec-44d4-482d-b178-454d80dc5799,Warak Koffie,"Belakang alfamidi super Purwokerto, Jl. Profesor DR. HR Boenyamin, Sumampir Wetan, Pabuaran, Kec. Purwokerto Utara, Jawa Tengah, 53121, Indonesia",-7.3983944,109.2456756,,4.3,645,1,0857-3755-8773,http://www.istagram.com/warakkoffie,False,0,"Monday: Open 24 hours
Tuesday: Open 24 hours
Wednesday: Open 24 hours
Thursday: Open 24 hours
Friday: Open 24 hours
Saturday: Open 24 hours
Sunday: Open 24 hours",Great place to chill the night with your besties ! High quality coffee with cheap price .
4b02f21e-496c-4b74-ae3f-94f63c40843c,Warmindo ATAP LANGIT,"H6RJ+575, Karanganjing, Purwanegara, Kec. Purwokerto Tim., Kabupaten Banyumas, Jawa Tengah, Indonesia",-7.409613200000001,109.2307416,,3.9,580,0,,,False,0,"Monday: Open 24 hours
Tuesday: Open 24 hours
Wednesday: Open 24 hours
Thursday: Open 24 hours
Friday: Open 24 hours
Saturday: Open 24 hours
Sunday: Open 24 hours","my fav, warmubdo atap langit, it is in karang jambu, i sells indomie & drink, i bought indomie dok"", the besttyng is good service & convenient place"
fae033cf-0363-4d56-9025-2dbd11f3007f,Shushu Milkshake,"Gg. Volly No.11, Mangunjaya, Kec. Purwokerto Tim., Kabupaten Banyumas, Jawa Tengah 53114, Indonesia",-7.4185943,109.2494252,,4.6,1892,1,0822-1183-2013,,False,0,"Monday: 10:00 AM – 10:00 PM
Tuesday: 10:00 AM – 10:00 PM
Wednesday: 10:00 AM – 10:00 PM
Thursday: 10:00 AM – 10:00 PM
Friday: 10:00 – 11:30 AM, 1:00 – 10:00 PM
Saturday: 10:00 AM – 10:00 PM
Sunday: 10:00 AM – 10:00 PM",I love it. It's really suitable for students bcs the price is affordable and the taste of the drinks are really good. The place is neat and clean. There's a place for pray (mushola) and toilet.
1eb22503-c585-4d78-9f51-79c2da9a5011,Marbi Coffee and Eatery,"Jl. Menteri Supeno, Dusun II Sokaraja Tengah, Sokaraja Tengah, Kec. Sokaraja, Kabupaten Banyumas, Jawa Tengah 53181, Indonesia",-7.458304999999999,109.2845612,,4.6,226,0,0851-7978-4716,https://www.instagram.com/mawarbiru.coffee/,False,0,"Monday: 10:00 AM – 11:00 PM
Tuesday: 10:00 AM – 11:00 PM
Wednesday: 10:00 AM – 11:00 PM
Thursday: 10:00 AM – 11:00 PM
Friday: 10:00 AM – 11:00 PM
Saturday: 10:00 AM – 11:00 PM
Sunday: 10:00 AM – 11:00 PM","The drinks and food are delicious and unique, the place is also comfortable for hanging out, it will be more crowded if there is live music"
05b27db3-80b2-4e67-acf2-ac896b206712,UmmaQue,"J74Q+4W5, Linggasari, Kec. Kembaran, Kabupaten Banyumas, Jawa Tengah 53182, Indonesia",-7.394742000000001,109.2898491,,4.8,4,0,0896-0910-2165,,False,0,,Comfortable
758a6398-1bcf-4cdd-bc82-cfbaee001460,Adya Space,"Jl. Raya PUK Kebasen No.20, Kebasen, Kec. Kebasen, Kabupaten Banyumas, Jawa Tengah 53172, Indonesia",-7.533029099999998,109.2011643,,5.0,20,0,0856-0094-0895,https://linktr.ee/adyaspace.cc,False,0,"Monday: 1:00 – 11:00 PM
Tuesday: 1:00 – 11:00 PM
Wednesday: 1:00 – 11:00 PM
Thursday: 1:00 – 11:00 PM
Friday: 1:00 – 11:00 PM
Saturday: 1:00 – 11:00 PM
Sunday: 1:00 – 11:00 PM","Recommended for hanging out, relaxing with coffee, studying, etc. Affordable prices, good service, friendly staff, and for any information, feel free to visit Adya Space🙌
Keep an eye on their Instagram account, there will be lots of other interesting things🙌🤙"
b15f645f-303e-41f0-9b03-83cfd79f8bb5,Japari Coffee,"H7P6+RR4, Arcawinangun, Kec. Purwokerto Tim., Kabupaten Banyumas, Jawa Tengah 53113, Indonesia",-7.4129874,109.2620646,,4.7,95,0,0822-4195-4193,https://instagram.com/japaricoffee?utm_medium=copy_link,False,0,"Monday: 4:00 – 10:00 PM
Tuesday: 4:00 – 10:00 PM
Wednesday: 4:00 – 10:00 PM
Thursday: 4:00 – 10:00 PM
Friday: 4:00 – 10:00 PM
Saturday: 4:00 – 10:00 PM
Sunday: 4:00 – 10:00 PM","A nice coffeeshop with riverside ambience. I honestly feel calmed by the gurgling of the river, what can be improved is the maintenance and it will be nicer if the music performer are kindly offer the guests what songs should be played and not drown in their own play since they are there to entertain the guests, is it?🙃"
3a47e27b-6e41-4635-afd5-a9a5f0f932a8,Pawon Omi Gultik & Mercon,"Jl.Overste Isdiman, ATM Center Masuk, Gang Kapling Widodo Gang ke Timur, Jatiwinangun, Purwokerto Lor, Kec. Purwokerto Tim., Kabupaten Banyumas, Jawa Tengah 53114, Indonesia",-7.420557,109.2457051,,4.5,102,0,0851-6644-9293,https://www.instagram.com/pawon.omi_pwt,False,0,"Monday: 4:00 PM – 3:00 AM
Tuesday: 4:00 PM – 3:00 AM
Wednesday: 4:00 PM – 3:00 AM
Thursday: 4:00 PM – 3:00 AM
Friday: 4:00 PM – 3:00 AM
Saturday: 4:00 PM – 3:00 AM
Sunday: 4:00 PM – 3:00 AM","It's really an awesome place to hangout actually, and the food is tasty and have an affordable price. I really recommend this place for college students and everyone in general."
76b1fd77-099e-4cdc-84e5-5fe7064949c4,fixora,"Jl. Veteran, Dukuh, Rejasari, Kec. Purwokerto Bar., Kabupaten Banyumas, Jawa Tengah 53134, Indonesia",-7.4251268,109.2128642,,0.0,0,0,0877-3252-3705,,False,0,,No review available
b772b569-a893-40cb-9ffa-af2458473a3b,Tugas Mahasiswi,"Bobosan, Kec. Purwokerto Utara, Kabupaten Banyumas, Jawa Tengah 53127, Indonesia",-7.4046759,109.2266564,,0.0,0,0,0822-1437-1260,,False,0,,No review available
35409ba7-a9aa-4074-8570-e055b7b145ac,Suluk Coffee and Pecel,"J62X+WX4, Pabuwaran, Pabuaran, Kec. Purwokerto Utara, Kabupaten Banyumas, Jawa Tengah 53122, Indonesia",-7.397736300000001,109.2499664,,4.5,961,1,0856-6990-2651,,False,0,"Monday: 11:00 AM – 11:00 PM
Tuesday: 11:00 AM – 11:00 PM
Wednesday: 11:00 AM – 11:00 PM
Thursday: 11:00 AM – 11:00 PM
Friday: 11:00 AM – 11:00 PM
Saturday: 11:00 AM – 11:00 PM
Sunday: 11:00 AM – 11:00 PM","javanesse traditional house as the base building.

etnic atsmosphere.

single origin coffee. local and some from sumatra."
c22b5b6d-c570-47f3-980a-f76e451c721c,Fafa’s home,"J6JQ+FXM, Jl. Sidamulya, Dusun I, Rempoah, Kec. Baturaden, Kabupaten Banyumas, Jawa Tengah, Indonesia",-7.3687998,109.2399295,,5.0,1,0,,,False,0,,My house is Jirlah😅
3eaf42bc-f76e-414b-8540-48e39250fa57,Inidia Umahkarya,"Jalan Ahmad Yani Ruko, Jl. Tanjlig Nomer No.4, Karangjengkol, Sokanegara, Kec. Purwokerto Tim., Kabupaten Banyumas, Jawa Tengah 53131, Indonesia",-7.416914999999999,109.2303773,,0.0,0,0,0815-4888-7779,,False,0,"Monday: 9:00 AM – 9:00 PM
Tuesday: 9:00 AM – 9:00 PM
Wednesday: 9:00 AM – 9:00 PM
Thursday: 9:00 AM – 9:00 PM
Friday: 9:00 AM – 9:00 PM
Saturday: 9:00 AM – 9:30 PM
Sunday: 9:00 AM – 9:00 PM",No review available
